{"cameraMode":{"drawMode":0,"name":"Shaded","section":"Shading Mode"},"sceneLighting":false,"audioPlay":false,"sceneViewState":{"showFog":true,"showMaterialUpdate":false,"showSkybox":false,"showFlares":true,"showImageEffects":true,"showParticleSystems":true},"in2DMode":false,"pivot":{"x":9.925887107849121,"y":2.673703908920288,"z":-0.19079113006591798},"rotation":{"x":-0.037467218935489658,"y":-0.30187490582466128,"z":0.011873748153448105,"w":-0.9525370597839356},"size":6.501733779907227,"orthographic":false}